Name,Given,Surname,Principal,SAM,Password
Chuck Babbage,Chuck,Babbage,Cbabbage@DSCompany.com,Cbabbage,Spring2019
Ada Lovelace,Ada,Lovelace,Alovelace@DSCompany.com,Alovelace,Spring2019
Grace Hopper,Grace,Hopper,Ghopper@DSCompany.com,Ghopper,Spring2019
Dennis Ritchie,Dennis,Ritchie,Dritchie@DSCompany.com,Dritchie,Spring2019
